Subject NO.,Gender,Mean HR (BPM),AVNN (ms),SDNN (ms),NN50 (beats),pNN50 (%),RMSSD (ms),LF (ms2),LF Norm (n.u.),HF (ms2),HF Norm (n.u.),LF/HF Ratio
1,Female,85.8474,698.9147,45.8957,46,10.7477,29.6913,412.1663,46.8523,467.3008,53.1197,0.882
2,Female,88.3727,678.9429,23.8804,0,0,11.6837,314.3801,87.1339,46.3382,12.8431,6.7845
3,Female,79.4924,754.7887,50.0888,71,17.4877,37.805,612.5444,45.8684,722.3938,54.0941,0.8479
4,Female,78.8327,761.1057,41.4575,27,6.4593,27.0164,446.1722,64.1144,249.5922,35.8661,1.7876
5,Female,63.3055,947.7851,40.0863,54,16.0714,35.2921,367.0269,49.2067,378.3478,50.7245,0.9701
6,Female,76.7485,781.7745,63.5073,90,22.0049,43.7658,983.9782,55.5182,788.1907,44.4715,1.2484
7,Female,72.9955,821.9684,51.3388,108,24.1611,41.1066,593.0427,46.9263,670.5685,53.0607,0.8844
8,Male,91.3848,656.5643,50.4347,17,3.4765,24.9287,1004.6067,75.5845,324.4302,24.4094,3.0965
9,Female,86.3977,694.4629,24.7057,0,0,13.5134,107.2882,79.4503,27.2827,20.2037,3.9325
10,Female,79.1839,757.7302,37.4741,51,12.8788,33.0784,725.0918,60.9381,463.7537,38.9747,1.5635
11,Male,86.5463,693.2705,63.0757,118,25.7642,44.0142,1336.1264,46.7175,1523.41,53.2659,0.8771
12,Female,91.612,654.9364,36.1332,4,0.8316,20.5588,165.5225,83.8688,31.537,15.9795,5.2485
13,Male,103.5394,579.4898,24.7707,0,0,11.0756,138.303,76.244,43.0599,23.7382,3.2119
14,Male,84.1268,713.2093,37.3606,16,3.5477,23.9446,466.4016,46.9848,526.1314,53.0019,0.8865
15,Male,90.6684,661.752,45.3706,25,5.2301,26.7746,802.823,72.816,299.6265,27.1761,2.6794
16,Male,83.1568,721.5286,37.4991,25,5.6306,26.6317,223.0761,34.562,422.2331,65.4181,0.5283
17,Female,98.6289,608.341,18.9658,0,0,11.8645,63.6461,39.7781,96.3213,60.1998,0.6608
18,Female,74.097,809.7495,50.6787,21,5.303,28.1089,312.9332,58.5094,220.3775,41.2042,1.42
19,Female,90.6769,661.6898,44.1642,110,22.5873,39.9126,206.3161,20.6959,790.1301,79.2592,0.2611
20,Female,88.4213,678.5697,44.722,40,8.4926,29.8886,291.6401,29.0052,713.8041,70.9917,0.4086
21,Female,97.2282,617.1047,24.1474,2,0.3817,16.5314,230.7019,59.1304,159.3495,40.8423,1.4478
22,Female,90.1584,665.4953,34.4846,16,3.2653,25.5431,188.4894,68.1712,87.7056,31.7206,2.1491
23,Female,86.2001,696.0546,36.3427,47,10.1732,31.8738,169.9935,19.2372,713.6294,80.7575,0.2382
24,Female,87.0338,689.3876,37.2899,57,12.311,33.6804,338.1171,33.0471,684.9377,66.9449,0.4936
25,Male,79.3957,755.7088,25.7966,5,1.1848,22.5872,252.4217,55.8854,199.2268,44.1082,1.267
26,Female,74.0153,810.6431,39.725,103,26.0101,41.5743,292.6984,37.5743,479.6967,61.5797,0.6102
27,Female,77.9974,769.2566,51.0039,93,22.3558,42.0397,742.9296,46.3655,858.9448,53.6059,0.8649
28,Male,61.3208,978.4605,102.6904,158,47.0238,72.1168,5076.786,71.3517,2037.3,28.6332,2.4919
29,Male,66.5853,901.0994,43.6004,102,28.9773,42.2324,295.8167,28.5656,739.5732,71.4171,0.4
30,Male,88.1712,680.4945,47.0552,90,18.0723,38.5643,607.9184,32.5036,1262.324,67.4927,0.4816
31,Male,64.7331,926.8834,50.0231,121,37.5776,59.9098,1290.968,68.2151,600.1388,31.7115,2.1511
32,Male,82.7607,724.9816,39.8945,73,16.4414,35.7438,636.8204,51.6751,595.4026,48.3142,1.0696
33,Male,83.4961,718.5962,29.6105,12,2.6846,22.2714,526.2152,69.6351,229.3889,30.3555,2.294
34,Male,92.6309,647.7319,18.9466,1,0.202,15.6588,210.0217,61.7221,130.1412,38.2465,1.6138
35,Male,63.3933,946.4718,40.377,75,21.3675,39.6294,1142.512,84.61,206.9241,15.324,5.5214
36,Male,76.8654,780.5857,33.418,14,3.3175,22.8035,904.8575,83.1049,183.8637,16.8866,4.9213
37,Male,91.0561,658.9345,19.2281,2,0.4057,18.2923,226.574,63.8835,128.0183,36.0953,1.7699
38,Female,88.0092,681.747,23.3046,5,1.0799,18.859,226.1775,56.4617,174.2415,43.4967,1.2981
39,Male,60.9421,984.5408,70.5624,231,71.2963,95.782,1310.369,28.4481,3294.369,71.5208,0.3978
40,Male,77.1386,777.821,22.8226,8,1.9512,23.2245,167.0782,39.0293,260.9243,60.9516,0.6403
